Goals scored,Avg attendance,Country
14,34518.5,Brazil
4,47513,England
2,38105.33333,England
22,121936.3333,Brazil
11,93331.5,England
5,10292,England
19,63908.33333,Brazil
16,35395.16667,Brazil
4,32324.25,England
8,26035.66667,Brazil
4,52391.33333,Brazil
8,28500,England
